sleeve,vehicle,entry_date,entry_price,exit_date,exit_price,pnl_pct,hold_days,exit_reason
SPY→SPXL,SPXL,2002-03-22,7.6712,2002-04-10,7.3392,-4.328,19,wma_cross_below
SPY→SPXL,SPY_DEF,2002-04-10,72.4782,2002-07-17,59.9886,-17.2321,98,def_stop(18%)
QQQ→TQQQ,TQQQ,2003-09-04,0.2724,2003-09-26,0.233,-14.4705,22,stop_loss(12%)
QQQ→TQQQ,QQQ_DEF,2003-09-26,27.8166,2004-06-02,30.9322,11.2008,250,def_to_vehicle
QQQ→TQQQ,TQQQ,2004-06-02,0.3031,2004-07-19,0.2573,-15.1378,47,stop_loss(12%)
SPY→SPXL,SPXL,2003-05-16,3.5764,2004-07-27,5.5524,55.2484,438,wma_cross_below
SPY→SPXL,SPY_DEF,2004-07-27,73.1037,2004-09-15,75.9528,3.8973,50,def_to_vehicle
SPY→SPXL,SPXL,2004-09-15,5.9955,2004-09-29,5.9102,-1.4226,14,wma_cross_below
SPY→SPXL,SPY_DEF,2004-09-29,74.862,2004-10-05,76.6391,2.3739,6,def_to_vehicle
SPY→SPXL,SPXL,2004-10-05,6.2377,2004-10-18,5.8723,-5.8581,13,wma_cross_below
SPY→SPXL,SPY_DEF,2004-10-18,74.6466,2004-11-05,78.7933,5.5551,18,def_to_vehicle
QQQ→TQQQ,QQQ_DEF,2004-07-19,29.4262,2004-11-08,32.1083,9.1147,112,def_to_vehicle
QQQ→TQQQ,TQQQ,2004-11-08,0.33,2005-03-23,0.2886,-12.5296,135,stop_loss(12%)
SPY→SPXL,SPXL,2004-11-05,6.7802,2005-05-02,6.7537,-0.391,178,wma_cross_below
SPY→SPXL,SPY_DEF,2005-05-02,79.0446,2005-05-05,80.1342,1.3785,3,def_to_vehicle
QQQ→TQQQ,QQQ_DEF,2005-03-23,30.8267,2005-05-27,32.5863,5.7079,65,def_to_vehicle
QQQ→TQQQ,TQQQ,2005-05-27,0.3336,2005-07-06,0.3009,-9.7988,40,wma_cross_below
QQQ→TQQQ,QQQ_DEF,2005-07-06,31.6587,2005-07-13,32.7701,3.5106,7,def_to_vehicle
SPY→SPXL,SPXL,2005-05-05,6.9387,2005-10-14,7.2513,4.5055,162,wma_cross_below
SMH→SOXL,SOXL,2005-05-20,2.5204,2005-11-01,2.3263,-7.7006,165,wma_cross_below
SPY→SPXL,SPY_DEF,2005-10-14,81.1091,2005-11-08,83.739,3.2424,25,def_to_vehicle
SMH→SOXL,SMH_DEF,2005-11-01,9.1556,2005-11-28,10.2972,12.4682,27,def_to_vehicle
SMH→SOXL,SOXL,2005-11-28,3.2541,2006-03-10,2.8104,-13.6357,102,stop_loss(12%)
QQQ→TQQQ,TQQQ,2005-07-13,0.3376,2006-05-23,0.3307,-2.0279,314,wma_cross_below
SPY→SPXL,SPXL,2005-11-08,7.8894,2006-06-14,8.2141,4.1155,218,wma_cross_below
SMH→SOXL,SMH_DEF,2006-03-10,9.9246,2006-07-24,8.1151,-18.2325,136,def_stop(18%)
SPY→SPXL,SPY_DEF,2006-06-14,85.1346,2006-08-11,88.525,3.9824,58,def_to_vehicle
QQQ→TQQQ,QQQ_DEF,2006-05-23,33.6699,2006-09-29,35.1117,4.2821,129,def_to_vehicle
SMH→SOXL,SOXL,2006-12-14,2.2086,2006-12-22,2.0414,-7.5737,8,wma_cross_below
SMH→SOXL,SMH_DEF,2006-12-22,9.3579,2007-01-12,9.7061,3.72,21,def_to_vehicle
SMH→SOXL,SOXL,2007-01-12,2.3847,2007-01-19,2.0456,-14.2195,7,stop_loss(12%)
SPY→SPXL,SPXL,2006-08-11,8.9841,2007-08-17,13.4284,49.4688,371,wma_cross_below
SPY→SPXL,SPY_DEF,2007-08-17,103.1454,2007-09-27,108.9127,5.5914,41,def_to_vehicle
SPY→SPXL,SPXL,2007-09-27,15.9855,2007-11-09,13.4759,-15.6991,43,stop_loss(12%)
QQQ→TQQQ,TQQQ,2006-09-29,0.3746,2007-11-14,0.6431,71.648,411,vol_exit(31.8%)
QQQ→TQQQ,QQQ_DEF,2007-11-14,44.2672,2008-03-10,36.2252,-18.1669,117,def_stop(18%)
SMH→SOXL,SMH_DEF,2007-01-19,9.2604,2008-06-02,10.265,10.8483,500,def_to_vehicle
SMH→SOXL,SOXL,2008-06-02,2.1226,2008-06-12,1.7792,-16.1758,10,stop_loss(12%)
SPY→SPXL,SPY_DEF,2007-11-09,103.7701,2008-09-18,85.3727,-17.7291,314,def_stop(18%)
SMH→SOXL,SMH_DEF,2008-06-12,9.6159,2008-09-18,7.9097,-17.7435,98,def_stop(18%)
QQQ→TQQQ,TQQQ,2009-08-05,0.1691,2010-05-11,0.2556,51.1374,279,vol_exit(30.6%)
SPY→SPXL,SPXL,2009-08-05,2.8713,2010-05-21,3.2547,13.3504,289,vol_exit(30.1%)
QQQ→TQQQ,QQQ_DEF,2010-05-11,41.218,2010-09-27,43.44,5.3908,139,def_to_vehicle
SPY→SPXL,SPY_DEF,2010-05-21,79.7869,2010-09-29,87.0413,9.0922,131,def_to_vehicle
QQQ→TQQQ,TQQQ,2010-09-27,0.2814,2011-06-28,0.3749,33.2237,274,wma_cross_below
SMH→SOXL,SOXL,2010-10-27,0.5121,2011-07-22,0.635,24.0128,268,wma_cross_below
SPY→SPXL,SPXL,2010-09-29,4.0195,2011-08-08,4.1765,3.9065,313,wma_cross_below
SPY→SPXL,SPY_DEF,2011-08-08,90.2682,2012-01-13,100.4723,11.3041,158,def_to_vehicle
QQQ→TQQQ,QQQ_DEF,2011-06-28,48.7269,2012-01-17,51.9051,6.5225,203,def_to_vehicle
SMH→SOXL,SMH_DEF,2011-07-22,11.9706,2012-02-16,14.2533,19.0693,209,def_to_vehicle
SMH→SOXL,SOXL,2012-02-16,0.6127,2012-03-07,0.5425,-11.4572,20,stop_loss(12%)
SMH→SOXL,SMH_DEF,2012-03-07,13.8757,2012-08-27,13.9628,0.6273,173,def_to_vehicle
SMH→SOXL,SOXL,2012-08-27,0.4768,2012-09-21,0.4616,-3.1845,25,wma_cross_below
QQQ→TQQQ,TQQQ,2012-01-17,0.392,2012-11-12,0.4798,22.4054,300,wma_cross_below
SMH→SOXL,SMH_DEF,2012-09-21,13.6762,2012-12-20,14.1514,3.4742,90,def_to_vehicle
QQQ→TQQQ,QQQ_DEF,2012-11-12,56.7835,2012-12-21,58.0841,2.2906,39,def_to_vehicle
QQQ→TQQQ,TQQQ,2012-12-21,0.5089,2012-12-24,0.5141,1.0296,3,wma_cross_below
QQQ→TQQQ,QQQ_DEF,2012-12-24,58.2362,2013-01-24,59.6953,2.5053,31,def_to_vehicle
SPY→SPXL,SPXL,2012-01-13,4.9639,2014-03-05,15.0714,203.6205,782,take_profit(200%)
SMH→SOXL,SOXL,2012-12-20,0.4273,2014-03-07,1.3042,205.2316,442,take_profit(200%)
QQQ→TQQQ,TQQQ,2013-01-24,0.5489,2014-08-19,1.6967,209.1239,572,take_profit(200%)
QQQ→TQQQ,QQQ_DEF,2014-08-19,89.9082,2015-10-28,104.8643,16.6349,435,def_to_vehicle
SPY→SPXL,SPY_DEF,2014-03-05,152.8932,2015-11-04,178.0647,16.4635,609,def_to_vehicle
SPY→SPXL,SPXL,2015-11-04,20.9357,2015-11-16,18.3346,-12.4239,12,stop_loss(12%)
SMH→SOXL,SMH_DEF,2014-03-07,19.6555,2015-12-08,24.8144,26.2464,641,def_to_vehicle
SMH→SOXL,SOXL,2015-12-08,1.7229,2016-01-06,1.4463,-16.0544,29,wma_cross_below
QQQ→TQQQ,TQQQ,2015-10-28,2.3777,2016-01-07,1.9234,-19.1076,71,stop_loss(12%)
SPY→SPXL,SPY_DEF,2015-11-16,170.4568,2016-03-23,173.8806,2.0086,128,def_to_vehicle
SMH→SOXL,SMH_DEF,2016-01-06,23.3622,2016-03-31,25.1339,7.5841,85,def_to_vehicle
QQQ→TQQQ,QQQ_DEF,2016-01-07,98.4141,2016-04-04,102.7581,4.414,88,def_to_vehicle
QQQ→TQQQ,TQQQ,2016-04-04,2.1013,2016-05-02,1.8536,-11.7905,28,stop_loss(12%)
SMH→SOXL,SOXL,2016-03-31,1.6519,2016-05-02,1.4129,-14.465,32,stop_loss(12%)
QQQ→TQQQ,QQQ_DEF,2016-05-02,98.7151,2016-06-14,100.4012,1.708,43,def_to_vehicle
QQQ→TQQQ,TQQQ,2016-06-14,1.9329,2016-06-28,1.704,-11.8411,14,stop_loss(12%)
QQQ→TQQQ,QQQ_DEF,2016-06-28,96.512,2016-08-10,109.2426,13.1907,43,def_to_vehicle
QQQ→TQQQ,TQQQ,2016-08-10,2.4522,2018-02-26,6.8347,178.714,565,vol_exit(30.3%)
SPY→SPXL,SPXL,2016-03-23,18.6669,2018-10-29,39.9784,114.1674,950,wma_cross_below
SPY→SPXL,SPY_DEF,2018-10-29,240.3336,2019-02-25,252.466,5.0481,119,def_to_vehicle
QQQ→TQQQ,QQQ_DEF,2018-02-26,160.0939,2019-03-04,167.6005,4.6889,371,def_to_vehicle
SMH→SOXL,SMH_DEF,2016-05-02,23.9406,2019-03-11,48.1678,101.1967,1043,def_to_vehicle
SMH→SOXL,SOXL,2019-03-11,7.6873,2019-05-22,7.6945,0.0939,72,vol_exit(30.0%)
QQQ→TQQQ,TQQQ,2019-03-04,6.33,2020-03-03,10.568,66.9505,365,vol_exit(34.8%)
SPY→SPXL,SPXL,2019-02-25,43.5562,2020-03-04,52.7583,21.127,373,vol_exit(31.0%)
QQQ→TQQQ,QQQ_DEF,2020-03-03,209.2008,2020-03-13,180.2552,-13.8363,10,def_stop(18%)
SPY→SPXL,SPY_DEF,2020-03-04,280.5128,2020-03-13,241.0822,-14.0566,9,def_stop(18%)
QQQ→TQQQ,TQQQ,2020-06-11,11.0715,2020-09-09,15.4304,39.3707,90,vol_exit(32.2%)
SMH→SOXL,SMH_DEF,2019-05-22,48.3814,2021-09-16,132.5723,174.0149,848,def_to_vehicle
SMH→SOXL,SOXL,2021-09-16,46.3172,2021-09-30,39.8363,-13.9925,14,stop_loss(12%)
SPY→SPXL,SPXL,2020-07-28,45.7716,2021-12-28,141.2861,208.6763,518,take_profit(200%)
SPY→SPXL,SPY_DEF,2021-12-28,451.8775,2022-05-20,373.1326,-17.4262,143,def_stop(18%)
SMH→SOXL,SMH_DEF,2021-09-30,125.2613,2022-06-17,99.9849,-20.179,260,def_stop(18%)
SPY→SPXL,SPXL,2023-01-30,69.502,2023-03-13,57.8714,-16.7342,42,stop_loss(12%)
QQQ→TQQQ,QQQ_DEF,2020-09-09,266.5305,2023-04-17,312.9988,17.4345,950,def_to_vehicle
SPY→SPXL,SPY_DEF,2023-03-13,367.015,2023-11-07,423.4556,15.3783,239,def_to_vehicle
QQQ→TQQQ,TQQQ,2023-04-17,13.2276,2024-07-08,40.3043,204.6999,448,take_profit(200%)
SPY→SPXL,SPXL,2023-11-07,79.5276,2025-03-18,143.6226,80.5948,497,wma_cross_below
SPY→SPXL,SPY_DEF,2025-03-18,558.2357,2025-05-21,583.3505,4.499,64,def_to_vehicle
QQQ→TQQQ,QQQ_DEF,2024-07-08,492.5376,2025-06-11,533.7119,8.3596,338,def_to_vehicle
SMH→SOXL,SOXL,2025-07-25,25.1627,2025-10-13,38.23,51.9311,80,vol_exit(31.6%)
QQQ→TQQQ,TQQQ,2025-06-11,38.092,2026-03-23,44.57,17.0061,285,end_of_data
SPY→SPXL,SPXL,2025-05-21,150.6507,2026-03-23,191.01,26.79,306,end_of_data
SMH→SOXL,SMH_DEF,2025-10-13,336.4331,2026-03-23,391.36,16.3262,161,end_of_data
